PRAGMA foreign_keys=OFF;
BEGIN TRANSACTION;
CREATE TABLE IF NOT EXISTS "django_migrations" ("id" integer NOT NULL PRIMARY KEY AUTOINCREMENT, "app" varchar(255) NOT NULL, "name" varchar(255) NOT NULL, "applied" datetime NOT NULL);
INSERT INTO django_migrations VALUES(1,'contenttypes','0001_initial','2025-10-13 15:58:36.692421');
INSERT INTO django_migrations VALUES(2,'auth','0001_initial','2025-10-13 15:58:36.947107');
INSERT INTO django_migrations VALUES(3,'admin','0001_initial','2025-10-13 15:58:37.161844');
INSERT INTO django_migrations VALUES(4,'admin','0002_logentry_remove_auto_add','2025-10-13 15:58:37.270078');
INSERT INTO django_migrations VALUES(5,'admin','0003_logentry_add_action_flag_choices','2025-10-13 15:58:37.408008');
INSERT INTO django_migrations VALUES(6,'contenttypes','0002_remove_content_type_name','2025-10-13 15:58:37.517805');
INSERT INTO django_migrations VALUES(7,'auth','0002_alter_permission_name_max_length','2025-10-13 15:58:37.661128');
INSERT INTO django_migrations VALUES(8,'auth','0003_alter_user_email_max_length','2025-10-13 15:58:37.816955');
INSERT INTO django_migrations VALUES(9,'auth','0004_alter_user_username_opts','2025-10-13 15:58:37.960527');
INSERT INTO django_migrations VALUES(10,'auth','0005_alter_user_last_login_null','2025-10-13 15:58:38.101407');
INSERT INTO django_migrations VALUES(11,'auth','0006_require_contenttypes_0002','2025-10-13 15:58:38.218148');
INSERT INTO django_migrations VALUES(12,'auth','0007_alter_validators_add_error_messages','2025-10-13 15:58:38.310710');
INSERT INTO django_migrations VALUES(13,'auth','0008_alter_user_username_max_length','2025-10-13 15:58:38.420124');
INSERT INTO django_migrations VALUES(14,'auth','0009_alter_user_last_name_max_length','2025-10-13 15:58:38.539338');
INSERT INTO django_migrations VALUES(15,'auth','0010_alter_group_name_max_length','2025-10-13 15:58:38.667063');
INSERT INTO django_migrations VALUES(16,'auth','0011_update_proxy_permissions','2025-10-13 15:58:38.777114');
INSERT INTO django_migrations VALUES(17,'auth','0012_alter_user_first_name_max_length','2025-10-13 15:58:38.889970');
INSERT INTO django_migrations VALUES(18,'sessions','0001_initial','2025-10-13 15:58:39.158250');
INSERT INTO django_migrations VALUES(19,'shop','0001_initial','2025-10-13 15:58:39.326223');
INSERT INTO django_migrations VALUES(20,'shop','0002_userprofile_order','2025-10-15 08:47:22.835749');
INSERT INTO django_migrations VALUES(21,'shop','0003_profile_delete_order_delete_userprofile','2025-10-27 07:15:50.949006');
INSERT INTO django_migrations VALUES(22,'shop','0004_product_stock','2025-10-28 09:31:35.670264');
INSERT INTO django_migrations VALUES(23,'shop','0005_alter_product_stock_order','2025-10-28 10:01:23.764713');
INSERT INTO django_migrations VALUES(24,'shop','0006_order_status_order_tracking_number','2025-11-01 10:07:34.205458');
CREATE TABLE IF NOT EXISTS "auth_group_permissions" ("id" integer NOT NULL PRIMARY KEY AUTOINCREMENT, "group_id" integer NOT NULL REFERENCES "auth_group" ("id") DEFERRABLE INITIALLY DEFERRED, "permission_id" integer NOT NULL REFERENCES "auth_permission" ("id") DEFERRABLE INITIALLY DEFERRED);
CREATE TABLE IF NOT EXISTS "auth_user_groups" ("id" integer NOT NULL PRIMARY KEY AUTOINCREMENT, "user_id" integer NOT NULL REFERENCES "auth_user" ("id") DEFERRABLE INITIALLY DEFERRED, "group_id" integer NOT NULL REFERENCES "auth_group" ("id") DEFERRABLE INITIALLY DEFERRED);
CREATE TABLE IF NOT EXISTS "auth_user_user_permissions" ("id" integer NOT NULL PRIMARY KEY AUTOINCREMENT, "user_id" integer NOT NULL REFERENCES "auth_user" ("id") DEFERRABLE INITIALLY DEFERRED, "permission_id" integer NOT NULL REFERENCES "auth_permission" ("id") DEFERRABLE INITIALLY DEFERRED);
CREATE TABLE IF NOT EXISTS "django_admin_log" ("id" integer NOT NULL PRIMARY KEY AUTOINCREMENT, "object_id" text NULL, "object_repr" varchar(200) NOT NULL, "action_flag" smallint unsigned NOT NULL CHECK ("action_flag" >= 0), "change_message" text NOT NULL, "content_type_id" integer NULL REFERENCES "django_content_type" ("id") DEFERRABLE INITIALLY DEFERRED, "user_id" integer NOT NULL REFERENCES "auth_user" ("id") DEFERRABLE INITIALLY DEFERRED, "action_time" datetime NOT NULL);
INSERT INTO django_admin_log VALUES(1,'1','Ветровка Reebok Stormshield',1,'[{"added": {}}]',7,1,'2025-10-13 16:12:59.936776');
INSERT INTO django_admin_log VALUES(2,'2','b2b_support@yoomoney.ru',1,'[{"added": {}}]',7,1,'2025-10-13 19:38:01.627617');
INSERT INTO django_admin_log VALUES(3,'2','Футболка Nike Dri-FIT ADV',2,'[{"changed": {"fields": ["\u041d\u0430\u0437\u0432\u0430\u043d\u0438\u0435"]}}]',7,1,'2025-10-13 19:38:14.516167');
INSERT INTO django_admin_log VALUES(4,'3','Шорты Adidas Own The Run 5"',1,'[{"added": {}}]',7,1,'2025-10-13 19:39:03.812816');
INSERT INTO django_admin_log VALUES(5,'4','Толстовка Under Armour Tech Zip',1,'[{"added": {}}]',7,1,'2025-10-13 19:40:26.779249');
INSERT INTO django_admin_log VALUES(6,'5','Леггинсы Gymshark Vital Seamless 2.0',1,'[{"added": {}}]',7,1,'2025-10-13 19:41:06.012573');
INSERT INTO django_admin_log VALUES(7,'2','artemmeli0r',3,'',4,1,'2025-10-27 07:29:40.949252');
INSERT INTO django_admin_log VALUES(8,'3','artemmeli0r',3,'',4,1,'2025-10-27 07:33:20.070885');
INSERT INTO django_admin_log VALUES(9,'5','Леггинсы Gymshark Vital Seamless 2.0',2,'[{"changed": {"fields": ["\u041e\u0441\u0442\u0430\u0442\u043e\u043a \u043d\u0430 \u0441\u043a\u043b\u0430\u0434\u0435"]}}]',7,1,'2025-10-28 09:36:57.181521');
INSERT INTO django_admin_log VALUES(10,'4','Толстовка Under Armour Tech Zip',2,'[{"changed": {"fields": ["\u041e\u0441\u0442\u0430\u0442\u043e\u043a \u043d\u0430 \u0441\u043a\u043b\u0430\u0434\u0435"]}}]',7,1,'2025-10-28 09:37:07.502112');
INSERT INTO django_admin_log VALUES(11,'3','Шорты Adidas Own The Run 5"',2,'[{"changed": {"fields": ["\u041e\u0441\u0442\u0430\u0442\u043e\u043a \u043d\u0430 \u0441\u043a\u043b\u0430\u0434\u0435"]}}]',7,1,'2025-10-28 09:37:11.983101');
INSERT INTO django_admin_log VALUES(12,'5','Леггинсы Gymshark Vital Seamless 2.0',2,'[]',7,1,'2025-10-28 10:14:07.872537');
INSERT INTO django_admin_log VALUES(13,'4','Заказ #4 (В пути)',2,'[{"changed": {"fields": ["\u0421\u0442\u0430\u0442\u0443\u0441", "\u0422\u0440\u0435\u043a-\u043d\u043e\u043c\u0435\u0440"]}}]',8,1,'2025-11-01 10:12:23.362638');
CREATE TABLE IF NOT EXISTS "django_content_type" ("id" integer NOT NULL PRIMARY KEY AUTOINCREMENT, "app_label" varchar(100) NOT NULL, "model" varchar(100) NOT NULL);
INSERT INTO django_content_type VALUES(1,'admin','logentry');
INSERT INTO django_content_type VALUES(2,'auth','permission');
INSERT INTO django_content_type VALUES(3,'auth','group');
INSERT INTO django_content_type VALUES(4,'auth','user');
INSERT INTO django_content_type VALUES(5,'contenttypes','contenttype');
INSERT INTO django_content_type VALUES(6,'sessions','session');
INSERT INTO django_content_type VALUES(7,'shop','product');
INSERT INTO django_content_type VALUES(8,'shop','order');
INSERT INTO django_content_type VALUES(9,'shop','userprofile');
INSERT INTO django_content_type VALUES(10,'shop','profile');
CREATE TABLE IF NOT EXISTS "auth_permission" ("id" integer NOT NULL PRIMARY KEY AUTOINCREMENT, "content_type_id" integer NOT NULL REFERENCES "django_content_type" ("id") DEFERRABLE INITIALLY DEFERRED, "codename" varchar(100) NOT NULL, "name" varchar(255) NOT NULL);
INSERT INTO auth_permission VALUES(1,1,'add_logentry','Can add log entry');
INSERT INTO auth_permission VALUES(2,1,'change_logentry','Can change log entry');
INSERT INTO auth_permission VALUES(3,1,'delete_logentry','Can delete log entry');
INSERT INTO auth_permission VALUES(4,1,'view_logentry','Can view log entry');
INSERT INTO auth_permission VALUES(5,2,'add_permission','Can add permission');
INSERT INTO auth_permission VALUES(6,2,'change_permission','Can change permission');
INSERT INTO auth_permission VALUES(7,2,'delete_permission','Can delete permission');
INSERT INTO auth_permission VALUES(8,2,'view_permission','Can view permission');
INSERT INTO auth_permission VALUES(9,3,'add_group','Can add group');
INSERT INTO auth_permission VALUES(10,3,'change_group','Can change group');
INSERT INTO auth_permission VALUES(11,3,'delete_group','Can delete group');
INSERT INTO auth_permission VALUES(12,3,'view_group','Can view group');
INSERT INTO auth_permission VALUES(13,4,'add_user','Can add user');
INSERT INTO auth_permission VALUES(14,4,'change_user','Can change user');
INSERT INTO auth_permission VALUES(15,4,'delete_user','Can delete user');
INSERT INTO auth_permission VALUES(16,4,'view_user','Can view user');
INSERT INTO auth_permission VALUES(17,5,'add_contenttype','Can add content type');
INSERT INTO auth_permission VALUES(18,5,'change_contenttype','Can change content type');
INSERT INTO auth_permission VALUES(19,5,'delete_contenttype','Can delete content type');
INSERT INTO auth_permission VALUES(20,5,'view_contenttype','Can view content type');
INSERT INTO auth_permission VALUES(21,6,'add_session','Can add session');
INSERT INTO auth_permission VALUES(22,6,'change_session','Can change session');
INSERT INTO auth_permission VALUES(23,6,'delete_session','Can delete session');
INSERT INTO auth_permission VALUES(24,6,'view_session','Can view session');
INSERT INTO auth_permission VALUES(25,7,'add_product','Can add Товар');
INSERT INTO auth_permission VALUES(26,7,'change_product','Can change Товар');
INSERT INTO auth_permission VALUES(27,7,'delete_product','Can delete Товар');
INSERT INTO auth_permission VALUES(28,7,'view_product','Can view Товар');
INSERT INTO auth_permission VALUES(29,8,'add_order','Can add Заказ');
INSERT INTO auth_permission VALUES(30,8,'change_order','Can change Заказ');
INSERT INTO auth_permission VALUES(31,8,'delete_order','Can delete Заказ');
INSERT INTO auth_permission VALUES(32,8,'view_order','Can view Заказ');
INSERT INTO auth_permission VALUES(33,9,'add_userprofile','Can add Профиль');
INSERT INTO auth_permission VALUES(34,9,'change_userprofile','Can change Профиль');
INSERT INTO auth_permission VALUES(35,9,'delete_userprofile','Can delete Профиль');
INSERT INTO auth_permission VALUES(36,9,'view_userprofile','Can view Профиль');
INSERT INTO auth_permission VALUES(37,10,'add_profile','Can add profile');
INSERT INTO auth_permission VALUES(38,10,'change_profile','Can change profile');
INSERT INTO auth_permission VALUES(39,10,'delete_profile','Can delete profile');
INSERT INTO auth_permission VALUES(40,10,'view_profile','Can view profile');
CREATE TABLE IF NOT EXISTS "auth_group" ("id" integer NOT NULL PRIMARY KEY AUTOINCREMENT, "name" varchar(150) NOT NULL UNIQUE);
CREATE TABLE IF NOT EXISTS "auth_user" ("id" integer NOT NULL PRIMARY KEY AUTOINCREMENT, "password" varchar(128) NOT NULL, "last_login" datetime NULL, "is_superuser" bool NOT NULL, "username" varchar(150) NOT NULL UNIQUE, "last_name" varchar(150) NOT NULL, "email" varchar(254) NOT NULL, "is_staff" bool NOT NULL, "is_active" bool NOT NULL, "date_joined" datetime NOT NULL, "first_name" varchar(150) NOT NULL);
INSERT INTO auth_user VALUES(1,'pbkdf2_sha256$600000$XXPLqnjjiDLmAgLOpNvdXn$71HXnx3ebdUrfjfqyAgu2I7nQ+B0Xi1PPZ2OLzjeFfQ=','2025-11-25 08:17:14.724990',1,'meli0r','','for.su2000@gmail.com',1,1,'2025-10-13 15:59:09.314087','');
INSERT INTO auth_user VALUES(4,'pbkdf2_sha256$600000$6jHYAlOyl4PvT2684MVoQi$7v4Lv9jPllZ6E+OXvQOX4n9UheANrTA22Ck1Fcp3ZWQ=','2025-10-28 08:46:30.385150',0,'nelogin','','neemal@nemail.neru',0,1,'2025-10-28 08:46:17.258337','');
INSERT INTO auth_user VALUES(5,'pbkdf2_sha256$600000$HChVmbh9qJ89Q34kuidBrT$BVkqy/xOcW2O80oGPgPB5X5KuOMiupehqnxlvg9SbiQ=','2025-11-01 10:49:58.436554',0,'artem','','artem@yandex.ru',0,1,'2025-10-28 08:54:46.409646','');
CREATE TABLE IF NOT EXISTS "django_session" ("session_key" varchar(40) NOT NULL PRIMARY KEY, "session_data" text NOT NULL, "expire_date" datetime NOT NULL);
INSERT INTO django_session VALUES('98ufxqdfkueo2nl992cnhbldukds3f9j','.eJxdjL0OgjAURt_lzqThtraljO4-A7n9E9SUWMpgCO-uTRjU5RvOd3I2GGgt47AuIQ-Thx4Qmm9myd1Dqoe_UbrOzM2p5MmyqrDjXdhl9uFxPtyfwEjLWLPGSxQ6Csl1J4niiYS2neCWo-Et98K0plVRIZHWnRZSkZOEaCL6INUn6igX6DfgdZ4rpTKVF_S4NyD_0b6_ARJfRdc:1v8OQP:_U__c_GQpK6TsBx_xBjmYIsR4XJq1EIF3qPeTe5JxIU','2025-10-27 19:41:41.610014');
INSERT INTO django_session VALUES('nlfswvousk6zbadk86f8txnp50qvaz3u','.eJxVjMEOwiAQRP-FsyGwdAN49O43NAssUjU0Ke2p8d-lSQ96m8x7M7sYaVvLuDVeximJqwBx-e0CxRfXA6Qn1ccs41zXZQryUORJm7zPid-30_07KNRKX7NjshgAvCHMhkllF20KmJweUAfd42C6wENAMGwRM0IGBcZ5r7z4fAHv6Dd0:1vDHW3:pNpSGUReB5qE2S6jpyYytvAVwOhA3RtAEdDi5RY1Qy4','2025-11-10 07:19:43.627370');
INSERT INTO django_session VALUES('73on23q9hz4bfi0at84hido04n527cwo','.eJxVjDsOAiEUAO9CbcjjF8DS3jMQeDxk1UCy7FYb725IttB2ZjIHC3HfatgHrWHJ7MoMu_yyFPFFbYr8jO3ROfa2rUviM-GnHfzeM71vZ_s3qHHUuU2UtbFOKl-AknYGpXUWoshgpRW2gEDnFYLSJIoGpSiVJLzXSiIg-3wBx8Y3DQ:1vF8bL:v_gudM9JFJZ-mBShNzni5YwU7vKdV8Y9J-fq5fCqmsc','2025-11-15 10:12:51.824403');
INSERT INTO django_session VALUES('g634jzwz1fet1ukh1mqnt9pb88urt2ns','.eJxVjEsKwyAUAO_iusjzE9Qsu-8Zgj6fNW0xEM0q5O6pkEW7nRlmZ5PfWp62Sus0Rzaygd1-WfD4ptJFfPnyXDgupa1z4D3hl638sUT63K_2b5B9zX0bKOrBWKlcAgraDiiNNeBFBCONMAkEWqcQlCaRNChFIQXhnFYSAb9T9Gtj434cJ_0SOlk:1vICAZ:KG2-rhOUX5cES9Oi2W3sg53lywmQXJ-0ecFCOambeBQ','2025-11-23 20:37:51.364330');
INSERT INTO django_session VALUES('cghkhr3ocw1orf0dxv4n73xvp62v12g9','.eJxVjMEOwiAQRP-FsyFAQcCj934D2WVXqRpISnsy_rtt0oNe5jDvzbxFgnUpae08p4nERWhx-u0Q8pPrDugB9d5kbnWZJ5S7Ig_a5diIX9fD_Tso0Mu2dkpFx8AxMigLzngdLOiMSscboSF3HtCRDWQNOp1D8CarMBiNvIUXny_UdTcu:1vNoEc:HH4EcWJI2OahhqzIDI3qGZXAlFnn7SWs5KSvej-hAoY','2025-12-09 08:17:14.727998');
CREATE TABLE IF NOT EXISTS "shop_profile" ("id" integer NOT NULL PRIMARY KEY AUTOINCREMENT, "phone" varchar(20) NOT NULL, "address" text NOT NULL, "user_id" integer NOT NULL UNIQUE REFERENCES "auth_user" ("id") DEFERRABLE INITIALLY DEFERRED);
INSERT INTO shop_profile VALUES(2,'+79959278497','Тула',1);
INSERT INTO shop_profile VALUES(3,'','',4);
INSERT INTO shop_profile VALUES(4,'+784545435645','Тула',5);
CREATE TABLE IF NOT EXISTS "shop_product" ("id" integer NOT NULL PRIMARY KEY AUTOINCREMENT, "name" varchar(200) NOT NULL, "description" text NOT NULL, "price" decimal NOT NULL, "image" varchar(100) NULL, "stock" integer unsigned NOT NULL CHECK ("stock" >= 0));
INSERT INTO shop_product VALUES(1,'Ветровка Reebok Stormshield',replace(replace('Лёгкая, технологичная и невероятно практичная ветровка от Reebok — идеальный выбор для городских прогулок, пробежек и тренировок на свежем воздухе. Благодаря водоотталкивающему покрытию Stormshield™ вы останетесь сухими даже под дождём, а ветрозащитный крой не даст продуться в прохладную погоду.\r\n\r\nМатериал: 100% переработанный полиэстер — экологично и прочно\r\nОсобенности: регулируемый капюшон, карманы с молнией, эластичные манжеты\r\nФасон: свободный крой для комфорта движений\r\nСтиль: минимализм с фирменным логотипом Reebok на груди\r\nСочетайте с джоггерами и кроссовками — и вы готовы к любому вызову дня!','\r',char(13)),'\n',char(10)),2000,'products/5f0df035d4771d25a47c0b41-1.jpg',7);
INSERT INTO shop_product VALUES(2,'Футболка Nike Dri-FIT ADV','Технология Dri-FIT ADV отводит влагу и обеспечивает вентиляцию в зонах повышенного потоотделения. Лёгкий, эластичный материал повторяет движения тела. Идеальна для бега, тренировок и повседневной носки.',2490,'products/i.webp',5);
INSERT INTO shop_product VALUES(3,'Шорты Adidas Own The Run 5"','Амортизация NITRO™ обеспечивает мягкость и отзывчивость на каждом шаге. Верх из дышащего мешка, резиновая подошва с отличным сцеплением. Для бега, зала и улицы.',8990,'products/adidas-own-the-run-climacool-colorblock-5-shorts.webp',0);
INSERT INTO shop_product VALUES(4,'Толстовка Under Armour Tech Zip','Утеплённая толстовка с молнией и капюшоном. Технология UA Tech™ отводит влагу, а мягкая флисовая подкладка сохраняет тепло. Стильный крой и фирменный логотип на груди.',4790,'products/51774f801c484d9cb19588d8739f00a4.jpeg',0);
INSERT INTO shop_product VALUES(5,'Леггинсы Gymshark Vital Seamless 2.0','Бесшовные леггинсы с компрессионной посадкой и зонами вентиляции. Материал 4-Way Stretch тянется во всех направлениях, не сковывая движений. Подчёркивают форму и не сползают во время тренировки.',3590,'products/ae6ddf13027773fd00809071e02a2d1f66c45653_original.jpeg',0);
CREATE TABLE IF NOT EXISTS "shop_order" ("id" integer NOT NULL PRIMARY KEY AUTOINCREMENT, "created_at" datetime NOT NULL, "total" decimal NOT NULL, "items" text NOT NULL CHECK ((JSON_VALID("items") OR "items" IS NULL)), "user_id" integer NOT NULL REFERENCES "auth_user" ("id") DEFERRABLE INITIALLY DEFERRED, "status" varchar(20) NOT NULL, "tracking_number" varchar(100) NULL);
INSERT INTO shop_order VALUES(1,'2025-10-28 10:16:05.260081',17474,'[{"product_id": 5, "name": "\u041b\u0435\u0433\u0433\u0438\u043d\u0441\u044b Gymshark Vital Seamless 2.0", "price": 3590.0, "discounted_price": 3410.5, "quantity": 4, "total": 13642.0}]',5,'new',NULL);
INSERT INTO shop_order VALUES(2,'2025-10-28 10:16:05.262928',17474,'[{"product_id": 5, "name": "\u041b\u0435\u0433\u0433\u0438\u043d\u0441\u044b Gymshark Vital Seamless 2.0", "price": 3590.0, "discounted_price": 3410.5, "quantity": 4, "total": 13642.0}, {"product_id": 4, "name": "\u0422\u043e\u043b\u0441\u0442\u043e\u0432\u043a\u0430 Under Armour Tech Zip", "price": 4790.0, "discounted_price": 3832.0, "quantity": 1, "total": 3832.0}]',5,'new',NULL);
INSERT INTO shop_order VALUES(3,'2025-10-29 18:05:54.390623',16182,'[{"product_id": 3, "name": "\u0428\u043e\u0440\u0442\u044b Adidas Own The Run 5\"", "price": 8990.0, "discounted_price": 8091.0, "quantity": 2, "total": 16182.0}]',5,'new',NULL);
INSERT INTO shop_order VALUES(4,'2025-10-30 14:33:19.638705',12450,'[{"product_id": 2, "name": "\u0424\u0443\u0442\u0431\u043e\u043b\u043a\u0430 Nike Dri-FIT ADV", "price": 2490.0, "discounted_price": 2490.0, "quantity": 5, "total": 12450.0}]',5,'shipped','RLAS00808637');
INSERT INTO shop_order VALUES(5,'2025-11-09 20:37:51.353896',7192,'[{"product_id": 3, "name": "\u0428\u043e\u0440\u0442\u044b Adidas Own The Run 5\"", "price": 8990.0, "discounted_price": 7192.0, "quantity": 1, "total": 7192.0}]',5,'new',NULL);
DELETE FROM sqlite_sequence;
INSERT INTO sqlite_sequence VALUES('django_migrations',24);
INSERT INTO sqlite_sequence VALUES('django_admin_log',13);
INSERT INTO sqlite_sequence VALUES('django_content_type',10);
INSERT INTO sqlite_sequence VALUES('auth_permission',40);
INSERT INTO sqlite_sequence VALUES('auth_group',0);
INSERT INTO sqlite_sequence VALUES('auth_user',5);
INSERT INTO sqlite_sequence VALUES('shop_profile',4);
INSERT INTO sqlite_sequence VALUES('shop_product',5);
INSERT INTO sqlite_sequence VALUES('shop_order',5);
CREATE UNIQUE INDEX "auth_group_permissions_group_id_permission_id_0cd325b0_uniq" ON "auth_group_permissions" ("group_id", "permission_id");
CREATE INDEX "auth_group_permissions_group_id_b120cbf9" ON "auth_group_permissions" ("group_id");
CREATE INDEX "auth_group_permissions_permission_id_84c5c92e" ON "auth_group_permissions" ("permission_id");
CREATE UNIQUE INDEX "auth_user_groups_user_id_group_id_94350c0c_uniq" ON "auth_user_groups" ("user_id", "group_id");
CREATE INDEX "auth_user_groups_user_id_6a12ed8b" ON "auth_user_groups" ("user_id");
CREATE INDEX "auth_user_groups_group_id_97559544" ON "auth_user_groups" ("group_id");
CREATE UNIQUE INDEX "auth_user_user_permissions_user_id_permission_id_14a6b632_uniq" ON "auth_user_user_permissions" ("user_id", "permission_id");
CREATE INDEX "auth_user_user_permissions_user_id_a95ead1b" ON "auth_user_user_permissions" ("user_id");
CREATE INDEX "auth_user_user_permissions_permission_id_1fbb5f2c" ON "auth_user_user_permissions" ("permission_id");
CREATE INDEX "django_admin_log_content_type_id_c4bce8eb" ON "django_admin_log" ("content_type_id");
CREATE INDEX "django_admin_log_user_id_c564eba6" ON "django_admin_log" ("user_id");
CREATE UNIQUE INDEX "django_content_type_app_label_model_76bd3d3b_uniq" ON "django_content_type" ("app_label", "model");
CREATE UNIQUE INDEX "auth_permission_content_type_id_codename_01ab375a_uniq" ON "auth_permission" ("content_type_id", "codename");
CREATE INDEX "auth_permission_content_type_id_2f476e4b" ON "auth_permission" ("content_type_id");
CREATE INDEX "django_session_expire_date_a5c62663" ON "django_session" ("expire_date");
CREATE INDEX "shop_order_user_id_00aba627" ON "shop_order" ("user_id");
COMMIT;
